sku,archivo_es,archivo_de,estado_de,url_oficial_de,nota
3415,3415-PI_ES Phase’oMine.pdf,,no_disponible,https://ww1.lifeplus.com/uk/en
3428,3428-PI_ES SUPPORT TABS PLUS.pdf,,no_disponible,https://ww1.lifeplus.com/uk/en
3439,3439-PI_ES INMUNE FORMULA.pdf,,no_disponible,https://ww1.lifeplus.com/uk/en
3441,3441-PI_ES. RYR Plus.pdf,,no_disponible,https://ww1.lifeplus.com/uk/en
3443,3443-PI_ES KOMPKT PLUS.pdf,,no_disponible,https://ww1.lifeplus.com/uk/en
3457,3457-PI_ES Lycopin Plus.pdf,5509-PI_DE.pdf,descargado_alemania,https://ww1.lifeplus.com/media/pdf/piSheets/DE/5509-PI_DE.pdf,"La ficha alemana corresponde al Art. 5509. No existe una ficha equivalente en Estados Unidos."
3538,3538-PI_ES PARABALANCE.pdf,,no_disponible,https://ww1.lifeplus.com/uk/en
6355,6355-PI_ES D-MANNOSE PLUS.pdf,6355-PI_DE.pdf,descargado,https://ww2.lifeplus.com/media/pdf/piSheets/US/6355-PI_DE.pdf
6699,6699-PI_ES OmegAhi Peach Mango.pdf,6699-PI_DE.pdf,descargado,https://ww2.lifeplus.com/media/pdf/piSheets/US/6699-PI_DE.pdf
6799,6799-PI_ES Proanthenols® 200 SV.pdf,6799-PI_DE.pdf,descargado,https://ww2.lifeplus.com/media/pdf/piSheets/US/6799-PI_DE.pdf
6887,6887-PI_ES Triple Protein Shake- Chocolate (sin edulcorante).pdf,6887-PI_DE.pdf,descargado,https://ww2.lifeplus.com/media/pdf/piSheets/US/6887-PI_DE.pdf
7796,7796-PI_ES   Lifeplus Bodysmart Solutions Vegan Protein Shake- Vainilla.pdf,7796-PI_DE.pdf,descargado,https://ww2.lifeplus.com/media/pdf/piSheets/US/7796-PI_DE.pdf
6698,_Pets™ Ahiflower Oil  6698-PI_ES.pdf,6698-PI_DE.pdf,descargado,https://ww2.lifeplus.com/media/pdf/piSheets/US/6698-PI_DE.pdf
6697,_Pets™ Care & Comfort 6697-PI_ES.pdf,6697-PI_DE.pdf,descargado,https://ww2.lifeplus.com/media/pdf/piSheets/US/6697-PI_DE.pdf
6689,_Pets™ Digest 6689-PI_ES.pdf,6689-PI_DE.pdf,descargado,https://ww2.lifeplus.com/media/pdf/piSheets/US/6689-PI_DE.pdf
6692,_Pets™ Peanut Butter Biscuits 6692-PI_ES.pdf,6692-PI_DE.pdf,descargado,https://ww2.lifeplus.com/media/pdf/piSheets/US/6692-PI_DE.pdf
6690,_Pets™ Shine 6690-PI_ES.pdf,6690-PI_DE.pdf,descargado,https://ww2.lifeplus.com/media/pdf/piSheets/US/6690-PI_DE.pdf
6003,Aloe Vera Caps 6003-PI_ES.pdf,6003-PI_DE.pdf,descargado,https://ww2.lifeplus.com/media/pdf/piSheets/US/6003-PI_DE.pdf
6121,Anti-Stress Formula  SOLO DISPONNIBLE EN USA 6121-PI_ES.pdf,6121-PI_DE.pdf,descargado,https://ww2.lifeplus.com/media/pdf/piSheets/US/6121-PI_DE.pdf
6603,Be Focused Berry 6603-PI_ES.pdf,6603-PI_DE.pdf,descargado,https://ww2.lifeplus.com/media/pdf/piSheets/US/6603-PI_DE.pdf
6604,Be Focused Citrus 6604-PI_ES.pdf,6604-PI_DE.pdf,descargado,https://ww2.lifeplus.com/media/pdf/piSheets/US/6604-PI_DE.pdf
6609,Be Focused en sobres - Sabor a frutos del bosque6609-PI_ES.pdf,6609-PI_DE.pdf,descargado,https://ww2.lifeplus.com/media/pdf/piSheets/US/6609-PI_DE.pdf
6800,Be Focused Sachet - Berry 30 ct 6800-PI_ES.pdf,6800-PI_DE.pdf,descargado,https://ww2.lifeplus.com/media/pdf/piSheets/US/6800-PI_DE.pdf
6801,Be Focused Sachet - Citrus 30 ct 6801-PI_ES.pdf,6801-PI_DE.pdf,descargado,https://ww2.lifeplus.com/media/pdf/piSheets/US/6801-PI_DE.pdf
6601,Be Recharged Berry 6601-PI_ES.pdf,6601-PI_DE.pdf,descargado,https://ww2.lifeplus.com/media/pdf/piSheets/US/6601-PI_DE.pdf
6602,Be Recharged Citrus 6602-PI_ES.pdf,6602-PI_DE.pdf,descargado,https://ww2.lifeplus.com/media/pdf/piSheets/US/6602-PI_DE.pdf
6806,Be Recharged Sachet - Berry 30 ct 6806-PI_ES.pdf,6806-PI_DE.pdf,descargado,https://ww2.lifeplus.com/media/pdf/piSheets/US/6806-PI_DE.pdf
6807,Be Recharged Sachet - Citrus 30 ct 6807-PI_ES.pdf,6807-PI_DE.pdf,descargado,https://ww2.lifeplus.com/media/pdf/piSheets/US/6807-PI_DE.pdf
6644,Be Refueled chocolate 6644-PI_ES.pdf,6644-PI_DE.pdf,descargado,https://ww2.lifeplus.com/media/pdf/piSheets/US/6644-PI_DE.pdf
6645,Be Refueled vainilla 6645-PI_ES.pdf,6645-PI_DE.pdf,descargado,https://ww2.lifeplus.com/media/pdf/piSheets/US/6645-PI_DE.pdf
6605,Be Sustained Berry 6605-PI_ES.pdf,6605-PI_DE.pdf,descargado,https://ww2.lifeplus.com/media/pdf/piSheets/US/6605-PI_DE.pdf
6606,Be Sustained Citrus 6606-PI_ES.pdf,6606-PI_DE.pdf,descargado,https://ww2.lifeplus.com/media/pdf/piSheets/US/6606-PI_DE.pdf
6612,Be Sustained en sobres - Sabor a cítricos 6612-PI_ES.pdf,6612-PI_DE.pdf,descargado,https://ww2.lifeplus.com/media/pdf/piSheets/US/6612-PI_DE.pdf
6611,Be Sustained en sobres - Sabor a frutos del bosque 6611-PI_ES.pdf,6611-PI_DE.pdf,descargado,https://ww2.lifeplus.com/media/pdf/piSheets/US/6611-PI_DE.pdf
6802,Be Sustained Sachet - Berry 30 ct 6802-PI_ES.pdf,6802-PI_DE.pdf,descargado,https://ww2.lifeplus.com/media/pdf/piSheets/US/6802-PI_DE.pdf
6805,Be Sustained Sachet - Citrus 30 ct 6805-PI_ES.pdf,6805-PI_DE.pdf,descargado,https://ww2.lifeplus.com/media/pdf/piSheets/US/6805-PI_DE.pdf
6618,Biotic Blast® 6618-PI_ES.pdf,6618-PI_DE.pdf,descargado,https://ww2.lifeplus.com/media/pdf/piSheets/US/6618-PI_DE.pdf
4446,BODYSMART MEN .pdf,,no_disponible,https://ww1.lifeplus.com/uk/en
7882,Bodysmart Solution 7882-PI_ES.pdf,7882-PI_DE.pdf,descargado,https://ww2.lifeplus.com/media/pdf/piSheets/US/7882-PI_DE.pdf
7883,Bodysmart Solutions Men’s Gold Formula 7883-PI_ES.pdf,7883-PI_DE.pdf,descargado,https://ww2.lifeplus.com/media/pdf/piSheets/US/7883-PI_DE.pdf
7884,Bodysmart Solutions Women’s Gold Formula 7884-PI_ES.pdf,7884-PI_DE.pdf,descargado,https://ww2.lifeplus.com/media/pdf/piSheets/US/7884-PI_DE.pdf
6114,BONE BUILDER SOLO DISPONIBLE EN USA   6114-PI_ES.pdf,6114-PI_DE.pdf,descargado,https://ww2.lifeplus.com/media/pdf/piSheets/US/6114-PI_DE.pdf
6104,Brain Formula 6104-PI_ES.pdf,6104-PI_DE.pdf,descargado,https://ww2.lifeplus.com/media/pdf/piSheets/US/6104-PI_DE.pdf
9600,CAL MAG PLUS 2.pdf,,no_disponible,https://ww1.lifeplus.com/uk/en
4040,Cat’s Claw Plus SOLO DISPONIBLE EN USA  4040-PI_ES.pdf,4040-PI_DE.pdf,descargado,https://ww2.lifeplus.com/media/pdf/piSheets/US/4040-PI_DE.pdf
6663,CBD Oil Revive  SOLO DEISPONIBLE EN  USA .pdf,6663-PI_DE.pdf,descargado,https://ww2.lifeplus.com/media/pdf/piSheets/US/6663-PI_DE.pdf
6133,Circulation Formula 6133-PI_ES.pdf,6133-PI_DE.pdf,descargado,https://ww2.lifeplus.com/media/pdf/piSheets/US/6133-PI_DE.pdf
1012,Co-Q-10 .1012-PI_ES.pdf,1012-PI_DE.pdf,descargado,https://ww2.lifeplus.com/media/pdf/piSheets/US/1012-PI_DE.pdf
1012,CO-Q-10 PLUS  2.pdf,1012-PI_DE.pdf,descargado,https://ww2.lifeplus.com/media/pdf/piSheets/US/1012-PI_DE.pdf
6109,Cogelin (Colon Formula) 6109-PI_ES.pdf,6109-PI_DE.pdf,descargado,https://ww2.lifeplus.com/media/pdf/piSheets/US/6109-PI_DE.pdf
6355,D-Mannose 6355-PI_ES.pdf,6355-PI_DE.pdf,descargado,https://ww2.lifeplus.com/media/pdf/piSheets/US/6355-PI_DE.pdf
6132,Daily BioBasics 6132-PI_ES.pdf,6132-PI_DE.pdf,descargado,https://ww2.lifeplus.com/media/pdf/piSheets/US/6132-PI_DE.pdf
6500,Daily BioBasics Light 6500-PI_ES.pdf,6500-PI_DE.pdf,descargado,https://ww2.lifeplus.com/media/pdf/piSheets/US/6500-PI_DE.pdf
6193,Daily Biobasics Veggie-Caps6193-PI_ES.pdf,6193-PI_DE.pdf,descargado,https://ww2.lifeplus.com/media/pdf/piSheets/US/6193-PI_DE.pdf
6122,Digestive Formula 6122-PI_ES.pdf,6122-PI_DE.pdf,descargado,https://ww2.lifeplus.com/media/pdf/piSheets/US/6122-PI_DE.pdf
6110,DNA IMMUNE.pdf,6110-PI_DE.pdf,descargado,https://ww2.lifeplus.com/media/pdf/piSheets/US/6110-PI_DE.pdf
6110,DNA-Immune  SOLO DISPONIBLE EN USA 6110-PI_ES.pdf,6110-PI_DE.pdf,descargado,https://ww2.lifeplus.com/media/pdf/piSheets/US/6110-PI_DE.pdf
210,Endocryn® DHEA 210-PI_ES.pdf,210-PI_DE.pdf,descargado,https://ww2.lifeplus.com/media/pdf/piSheets/US/210-PI_DE.pdf
4033,EPA Plus 4033-PI_ES.pdf,4033-PI_DE.pdf,descargado,https://ww2.lifeplus.com/media/pdf/piSheets/US/4033-PI_DE.pdf
4033,EPA PLUS.pdf,4033-PI_DE.pdf,descargado,https://ww2.lifeplus.com/media/pdf/piSheets/US/4033-PI_DE.pdf
6237,Evening Primrose Oil 6237-PI_ES.pdf,6237-PI_DE.pdf,descargado,https://ww2.lifeplus.com/media/pdf/piSheets/US/6237-PI_DE.pdf
3423,EYE FORMULA 2.pdf,,no_disponible,https://ww1.lifeplus.com/uk/en
6111,Eye Formula 6111-PI_ES.pdf,6111-PI_DE.pdf,descargado,https://ww2.lifeplus.com/media/pdf/piSheets/US/6111-PI_DE.pdf
6106,FASEO_LEAN FORTE SOLO DISPONIBLE EN USA .pdf,6106-PI_DE.pdf,descargado,https://ww2.lifeplus.com/media/pdf/piSheets/US/6106-PI_DE.pdf
6002,Feminine Balance - New Improved Formula  SOLO  DISPONIBLE EN USA 6002-PI_ES.pdf,6002-PI_DE.pdf,descargado,https://ww2.lifeplus.com/media/pdf/piSheets/US/6002-PI_DE.pdf
6002,FEMININE BALANCE-PI_ES.pdf,6002-PI_DE.pdf,descargado,https://ww2.lifeplus.com/media/pdf/piSheets/US/6002-PI_DE.pdf
4174,Forever Young Active Renewal Oil with Bakuchiol.pdf,4174-PI_DE.pdf,descargado_alemania,https://ww1.lifeplus.com/de/de/product-details/4174
4173,Forever Young Clinical Peptide Crème with OPC.pdf,4173-PI_DE.pdf,descargado_alemania,https://ww1.lifeplus.com/de/de/product-details/4173
4144,Forever Young Day Crème SPF 25.pdf,4144-PI_DE.pdf,descargado_alemania,https://ww1.lifeplus.com/de/de/product-details/4144
4129,Forever Young Gentle Cream Cleanser.pdf,,no_disponible,https://ww1.lifeplus.com/uk/en
4131,Forever Young Radiance Serum.pdf,,no_disponible,https://ww1.lifeplus.com/uk/en
4130,Forever Young Rejuvenating Eye Crème.pdf,,no_disponible,https://ww1.lifeplus.com/uk/en
4134,Forever Young Repair & Protect Conditioner.pdf,,no_disponible,https://ww1.lifeplus.com/uk/en
4132,Forever Young Rich Moisturizing Crème.pdf,,no_disponible,https://ww1.lifeplus.com/uk/en
6112,Forever Young Skin Formula  6112-PI_ES.pdf,6112-PI_DE.pdf,descargado,https://ww2.lifeplus.com/media/pdf/piSheets/US/6112-PI_DE.pdf
4133,Forever Young Strengthen & Restore Shampoo.pdf,,no_disponible,https://ww1.lifeplus.com/uk/en
6861,FUSIONS RED  2.pdf,6861-PI_DE.pdf,descargado,https://ww2.lifeplus.com/media/pdf/piSheets/US/6861-PI_DE.pdf
6861,Fusions Red 6861-PI_ES.pdf,6861-PI_DE.pdf,descargado,https://ww2.lifeplus.com/media/pdf/piSheets/US/6861-PI_DE.pdf
6107,Heart Formula 6107-PI_ES.pdf,6107-PI_DE.pdf,descargado,https://ww2.lifeplus.com/media/pdf/piSheets/US/6107-PI_DE.pdf
4451,HEART FORMULA_ 2.pdf,,no_disponible,https://ww1.lifeplus.com/uk/en
3447,IRON PLUS.pdf,,no_disponible,https://ww1.lifeplus.com/uk/en
6113,JOIN FORMULA 6113-PI_ES.pdf,6113-PI_DE.pdf,descargado,https://ww2.lifeplus.com/media/pdf/piSheets/US/6113-PI_DE.pdf
6648,Key-Tonic 6648-PI_ES.pdf,6648-PI_DE.pdf,descargado,https://ww2.lifeplus.com/media/pdf/piSheets/US/6648-PI_DE.pdf
2632,Lifeplus - Natural Hand Cream.pdf,,no_disponible,https://ww1.lifeplus.com/uk/en
6063,Lifeplus Discovery 6063-PI_ES.pdf,6063-PI_DE.pdf,descargado,https://ww2.lifeplus.com/media/pdf/piSheets/US/6063-PI_DE.pdf
6691,LIFEPLUS PETS BASICS 6691-PI_ES.pdf,6691-PI_DE.pdf,descargado,https://ww2.lifeplus.com/media/pdf/piSheets/US/6691-PI_DE.pdf
6696,Lifeplus Pets Dental 6696-PI_ES.pdf,6696-PI_DE.pdf,descargado,https://ww2.lifeplus.com/media/pdf/piSheets/US/6696-PI_DE.pdf
6115,LUNG FORMULA 2.pdf,6115-PI_DE.pdf,descargado,https://ww2.lifeplus.com/media/pdf/piSheets/US/6115-PI_DE.pdf
6115,Lung Formula PULMONES SOLO DISPONIBLE EN USA  6115-PI_ES.pdf,6115-PI_DE.pdf,descargado,https://ww2.lifeplus.com/media/pdf/piSheets/US/6115-PI_DE.pdf
6658,Lyprinex (180ct) 6658-PI_ES.pdf,6658-PI_DE.pdf,descargado,https://ww2.lifeplus.com/media/pdf/piSheets/US/6658-PI_DE.pdf
6108,Lyprinex 6108-PI_ES.pdf,6108-PI_DE.pdf,descargado,https://ww2.lifeplus.com/media/pdf/piSheets/US/6108-PI_DE.pdf
6699,MANGO OMEGA .pdf,6699-PI_DE.pdf,descargado,https://ww2.lifeplus.com/media/pdf/piSheets/US/6699-PI_DE.pdf
3444,Menaplus_PI_ES.pdf,,no_disponible,https://ww1.lifeplus.com/uk/en
6140,MICRO MINS™ PLUS.pdf,6140-PI_DE.pdf,descargado,https://ww2.lifeplus.com/media/pdf/piSheets/US/6140-PI_DE.pdf
6140,Micro•Mins™ Plus 6140-PI_ES.pdf,6140-PI_DE.pdf,descargado,https://ww2.lifeplus.com/media/pdf/piSheets/US/6140-PI_DE.pdf
6127,MSM Plus pastillas 6127-PI_ES.pdf,6127-PI_DE.pdf,descargado,https://ww2.lifeplus.com/media/pdf/piSheets/US/6127-PI_DE.pdf
1021,MSM Plus Vital Care Lotion 1021-PI_EN.pdf,,no_disponible,https://ww1.lifeplus.com/uk/en
2631,Natural Body Wash.pdf,,no_disponible,https://ww1.lifeplus.com/uk/en
6654,Natural Gold Hand & Body Bar.pdf,,no_disponible,https://ww1.lifeplus.com/uk/en
2630,Natural Hand & Body Lotion.pdf,,no_disponible,https://ww1.lifeplus.com/uk/en
2629,Natural Hand Wash.pdf,2629-PI_DE.pdf,descargado_suiza,https://ww1.lifeplus.com/SHX4C7/ch/de/product-details/2629
4999,OMEGOLD.4999-PI_ES.pdf,4999-PI_DE.pdf,descargado,https://ww2.lifeplus.com/media/pdf/piSheets/US/4999-PI_DE.pdf
6117,ParaCleanse SOLO DISPONIBLE EN USA  6117-PI_ES.pdf,6117-PI_DE.pdf,descargado,https://ww2.lifeplus.com/media/pdf/piSheets/US/6117-PI_DE.pdf
6117,PARACLEANSE ™.pdf,6117-PI_DE.pdf,descargado,https://ww2.lifeplus.com/media/pdf/piSheets/US/6117-PI_DE.pdf
6687,PETS CALM 6687-PI_ES.pdf,6687-PI_DE.pdf,descargado,https://ww2.lifeplus.com/media/pdf/piSheets/US/6687-PI_DE.pdf
6688,Pets™ Move 6688-PI_ES.pdf,6688-PI_DE.pdf,descargado,https://ww2.lifeplus.com/media/pdf/piSheets/US/6688-PI_DE.pdf
3446,PH PLUS™ 2.pdf,,no_disponible,https://ww1.lifeplus.com/uk/en
6106,Phase‘olean® Forte SOLO DISPONIBLE EN USA  6106-PI_ES.pdf,6106-PI_DE.pdf,descargado,https://ww2.lifeplus.com/media/pdf/piSheets/US/6106-PI_DE.pdf
6106,phasomine.pdf,6106-PI_DE.pdf,descargado,https://ww2.lifeplus.com/media/pdf/piSheets/US/6106-PI_DE.pdf
1945,PLATA COLOIDAL Colloidal Silver 1945-PI_ES.pdf,1945-PI_DE.pdf,descargado,https://ww2.lifeplus.com/media/pdf/piSheets/US/1945-PI_DE.pdf
6191,Proanthenol 50mg 6191-PI_ES.pdf,6191-PI_DE.pdf,descargado,https://ww2.lifeplus.com/media/pdf/piSheets/US/6191-PI_DE.pdf
6192,PROANTHENOLS 100 6192-PI_ES.pdf,6192-PI_DE.pdf,descargado,https://ww2.lifeplus.com/media/pdf/piSheets/US/6192-PI_DE.pdf
6118,Prostate Formula SOLO DISPONIBLE EN USA  6118-PI_ES.pdf,6118-PI_DE.pdf,descargado,https://ww2.lifeplus.com/media/pdf/piSheets/US/6118-PI_DE.pdf
6681,Real NRG 6681-PI_ES.pdf,6681-PI_DE.pdf,descargado,https://ww2.lifeplus.com/media/pdf/piSheets/US/6681-PI_DE.pdf
6099,SlenderLean® 6099-PI_ES.pdf,6099-PI_DE.pdf,descargado,https://ww2.lifeplus.com/media/pdf/piSheets/US/6099-PI_DE.pdf
1808,Smart Bar - Barrita nutricional Chocolate Supreme BARRITA1808-PI_ES.pdf,1808-PI_DE.pdf,descargado,https://ww2.lifeplus.com/media/pdf/piSheets/US/1808-PI_DE.pdf
6673,Solis Golden Milk 6673-PI_ES.pdf,6673-PI_DE.pdf,descargado,https://ww2.lifeplus.com/media/pdf/piSheets/US/6673-PI_DE.pdf
6651,Solis Green Medley 6651-PI_ES.pdf,6651-PI_DE.pdf,descargado,https://ww2.lifeplus.com/media/pdf/piSheets/US/6651-PI_DE.pdf
4095,Solis Purple Flash 2.pdf,4095-PI_DE.pdf,descargado,https://ww2.lifeplus.com/media/pdf/piSheets/US/4095-PI_DE.pdf
6653,Solis Raw Cacao y Mushroom 2.pdf,6653-PI_DE.pdf,descargado,https://ww2.lifeplus.com/media/pdf/piSheets/US/6653-PI_DE.pdf
6141,Somazyme 6141-PI_ES.pdf,6141-PI_DE.pdf,descargado,https://ww2.lifeplus.com/media/pdf/piSheets/US/6141-PI_DE.pdf
4449,SUPPORT TABS.pdf,,no_disponible,https://ww1.lifeplus.com/uk/en
170,Tea Tree Toothpaste PASTA DE DIENTES  170g_6 oz.pdf,,no_disponible,https://ww1.lifeplus.com/uk/en
6678,Triple Protein Shake- Chocolate 6678-PI_ES.pdf,6678-PI_DE.pdf,descargado,https://ww2.lifeplus.com/media/pdf/piSheets/US/6678-PI_DE.pdf
6680,Triple Protein Shake- Vainilla (sin edulcorante) SOLO EN ALEMANIA 6680-PI_ES.pdf,6680-PI_DE.pdf,descargado,https://ww2.lifeplus.com/media/pdf/piSheets/US/6680-PI_DE.pdf
6679,Triple Protein Shake- Vainilla 6679-PI_ES.pdf,6679-PI_DE.pdf,descargado,https://ww2.lifeplus.com/media/pdf/piSheets/US/6679-PI_DE.pdf
6102,TVM-Plus 6102-PI_ES.pdf,6102-PI_DE.pdf,descargado,https://ww2.lifeplus.com/media/pdf/piSheets/US/6102-PI_DE.pdf
6657,Ubiquinol 100 6657-PI_ES.pdf,6657-PI_DE.pdf,descargado,https://ww2.lifeplus.com/media/pdf/piSheets/US/6657-PI_DE.pdf
4998,Vegan OmeGold 4998-PI_ES.pdf,4998-PI_DE.pdf,descargado,https://ww2.lifeplus.com/media/pdf/piSheets/US/4998-PI_DE.pdf
7797,Vegan Protein Shake- Chocolate 7797-PI_ES.pdf,7797-PI_DE.pdf,descargado,https://ww2.lifeplus.com/media/pdf/piSheets/US/7797-PI_DE.pdf
4421,VITAMIN C PLUS  2.pdf,4421-PI_DE.pdf,descargado,https://ww2.lifeplus.com/media/pdf/piSheets/US/4421-PI_DE.pdf
1032,VITAMIN E COMPLEX 2.pdf,1032-PI_DE.pdf,descargado,https://ww2.lifeplus.com/media/pdf/piSheets/US/1032-PI_DE.pdf
6041,VITAMINS D K 2.pdf,6041-PI_DE.pdf,descargado,https://ww2.lifeplus.com/media/pdf/piSheets/US/6041-PI_DE.pdf
6343,Vita–Saurus 6343-PI_ES.pdf,6343-PI_DE.pdf,descargado,https://ww2.lifeplus.com/media/pdf/piSheets/US/6343-PI_DE.pdf
6134,Wonder Gel.pdf,,no_disponible,https://ww1.lifeplus.com/uk/en
6357,X-CELL CÍTRICOS 6357-PI_ES.pdf,6357-PI_DE.pdf,descargado,https://ww2.lifeplus.com/media/pdf/piSheets/US/6357-PI_DE.pdf
6600,X-Cell™ con polvo de raíz de remolacha 6600-PI_ES.pdf,6600-PI_DE.pdf,descargado,https://ww2.lifeplus.com/media/pdf/piSheets/US/6600-PI_DE.pdf
6124,Xtra Antioxidants 6124-PI_ES.pdf,6124-PI_DE.pdf,descargado,https://ww2.lifeplus.com/media/pdf/piSheets/US/6124-PI_DE.pdf
358,Yummies 358-PI_ES.pdf,358-PI_DE.pdf,descargado,https://ww2.lifeplus.com/media/pdf/piSheets/US/358-PI_DE.pdf
6656,Zinc Boost 6656-PI_ES.pdf,6656-PI_DE.pdf,descargado,https://ww2.lifeplus.com/media/pdf/piSheets/US/6656-PI_DE.pdf
